Factor,GRS_Variance
bryan Total Count,5.01588519
bryan Positive Count,4.210521077
bryan Negative Count,4.727940053
anthony Total Count,3.734365245
anthony Positive Count,3.896361799
anthony Negative Count,3.801863881
lee Total Count,3.390529005
lee Positive Count,3.330942751
lee Negative Count,3.478357764
jeffrey Total Count,3.592569345
jeffrey Positive Count,3.723733912
jeffrey Negative Count,4.952002651
jeff Total Count,2.979339383
jeff Positive Count,3.2775071
jeff Negative Count,2.746655307
doug Total Count,2.711774434
doug Positive Count,3.611146962
doug Negative Count,2.8409219
terry Total Count,3.677750751
terry Positive Count,4.946450263
terry Negative Count,4.359317761
tom Total Count,3.196909444
tom Positive Count,2.796730933
tom Negative Count,3.621188349
craig Total Count,2.942002488
craig Positive Count,6.50221968
craig Negative Count,2.191876591
josh Total Count,2.963058922
josh Positive Count,5.722398504
josh Negative Count,4.106833152
gary Total Count,5.053677709
gary Positive Count,4.82958868
gary Negative Count,5.009922084
ryan Total Count,2.945526886
ryan Positive Count,2.838785716
ryan Negative Count,3.563239746
daniel Total Count,3.241405807
daniel Positive Count,5.125681492
daniel Negative Count,4.068628108
dan Total Count,3.270866657
dan Positive Count,4.145539904
dan Negative Count,3.493845833
stephen Total Count,2.606141992
stephen Positive Count,3.577276013
stephen Negative Count,3.094328159
davis Total Count,4.165269582
davis Positive Count,3.559408673
davis Negative Count,3.605076572
bob Total Count,4.196267355
bob Positive Count,4.839058907
bob Negative Count,6.163878409
thomas Total Count,2.200839657
thomas Positive Count,3.98218209
thomas Negative Count,2.318139093
ed Total Count,4.436208374
ed Positive Count,4.379257519
ed Negative Count,5.105529011
scott Total Count,4.528380007
scott Positive Count,4.100391053
scott Negative Count,3.442096152
adam Total Count,5.409743959
adam Positive Count,4.18394575
adam Negative Count,10.70404362
brent Total Count,3.105114506
brent Positive Count,3.701301559
brent Negative Count,4.788148859
jim Total Count,3.310011929
jim Positive Count,3.258330218
jim Negative Count,3.259765288