Factor,GRS_Variance,Normalized_Weight
bryan Total Count,5.01588519,0.018396386786027293
bryan Positive Count,4.210521077,0.015442613092029767
bryan Negative Count,4.727940053,0.01734031195322044
anthony Total Count,3.734365245,0.013696251976476675
anthony Positive Count,3.896361799,0.014290394615811598
anthony Negative Count,3.801863881,0.013943811672990634
lee Total Count,3.390529005,0.012435189527379167
lee Positive Count,3.330942751,0.012216649482264126
lee Negative Count,3.478357764,0.012757312494771246
jeffrey Total Count,3.592569345,0.013176197764256388
jeffrey Positive Count,3.723733912,0.013657260231946921
jeffrey Negative Count,4.952002651,0.018162089577897323
jeff Total Count,2.979339383,0.010927100118994532
jeff Positive Count,3.2775071,0.012020667543538937
jeff Negative Count,2.746655307,0.010073702144579299
doug Total Count,2.711774434,0.009945772176720066
doug Positive Count,3.611146962,0.013244333500013665
doug Negative Count,2.8409219,0.010419436674007196
terry Total Count,3.677750751,0.013488611233144744
terry Positive Count,4.946450263,0.018141725499900136
terry Negative Count,4.359317761,0.015988343555876822
tom Total Count,3.196909444,0.011725065551535773
tom Positive Count,2.796730933,0.010257360771033714
tom Negative Count,3.621188349,0.013281161543743307
craig Total Count,2.942002488,0.010790162383023489
craig Positive Count,6.50221968,0.02384770457654726
craig Negative Count,2.191876591,0.00803898176052051
josh Total Count,2.963058922,0.010867389490408387
josh Positive Count,5.722398504,0.020987612801274654
josh Negative Count,4.106833152,0.01506232464819866
gary Total Count,5.053677709,0.018534995580050003
gary Positive Count,4.82958868,0.017713121016372187
gary Negative Count,5.009922084,0.018374516348354443
ryan Total Count,2.945526886,0.01080308855384677
ryan Positive Count,2.838785716,0.010411601951795357
ryan Negative Count,3.563239746,0.0130686277886599
daniel Total Count,3.241405807,0.011888261532566485
daniel Positive Count,5.125681492,0.01879907846710771
daniel Negative Count,4.068628108,0.014922202867101596
dan Total Count,3.270866657,0.01199631288763451
dan Positive Count,4.145539904,0.01520428650618585
dan Negative Count,3.493845833,0.012814116926511574
stephen Total Count,2.606141992,0.009558351973391091
stephen Positive Count,3.577276013,0.013120107554839309
stephen Negative Count,3.094328159,0.011348835848425741
davis Total Count,4.165269582,0.015276647569867168
davis Positive Count,3.559408673,0.013054576848886796
davis Negative Count,3.605076572,0.013222069584841789
bob Total Count,4.196267355,0.015390335782418437
bob Positive Count,4.839058907,0.01774785425930821
bob Negative Count,6.163878409,0.02260679561407715
thomas Total Count,2.200839657,0.008071854927006341
thomas Positive Count,3.98218209,0.014605151275408389
thomas Negative Count,2.318139093,0.008502065291219016
ed Total Count,4.436208374,0.016270349503657043
ed Positive Count,4.379257519,0.016061475114254414
ed Negative Count,5.105529011,0.01872516672050051
scott Total Count,4.528380007,0.016608400505053224
scott Positive Count,4.100391053,0.01503869744374148
scott Negative Count,3.442096152,0.012624318493798737
adam Total Count,5.409743959,0.019840913121685424
adam Positive Count,4.18394575,0.01534514475375284
adam Negative Count,10.70404362,0.039258419829985736
brent Total Count,3.105114506,0.011388396126204011
brent Positive Count,3.701301559,0.013574986769402077
brent Negative Count,4.788148859,0.017561135285721972
jim Total Count,3.310011929,0.012139883072612415
jim Positive Count,3.258330218,0.011950333928382564
jim Negative Count,3.259765288,0.011955597227239097
