Decile Factor,GRS Statistic,Factor,Decile
bryan Total Count_quartile_0,2.2939507328102464,bryan Total Count,0
bryan Total Count_quartile_1,7.0656903419547366,bryan Total Count,1
bryan Total Count_quartile_3,6.441406429142676,bryan Total Count,3
bryan Total Count_quartile_4,6.724921281288272,bryan Total Count,4
bryan Positive Count_quartile_0,2.30065848069102,bryan Positive Count,0
bryan Positive Count_quartile_1,7.384559003636865,bryan Positive Count,1
bryan Positive Count_quartile_2,6.731695931040053,bryan Positive Count,2
bryan Positive Count_quartile_3,6.496678133017897,bryan Positive Count,3
bryan Positive Count_quartile_4,6.698549760400772,bryan Positive Count,4
bryan Negative Count_quartile_0,2.293908314292149,bryan Negative Count,0
bryan Negative Count_quartile_1,6.487586275113524,bryan Negative Count,1
bryan Negative Count_quartile_3,6.9260698483218714,bryan Negative Count,3
bryan Negative Count_quartile_4,6.449725996790163,bryan Negative Count,4
anthony Total Count_quartile_0,2.3688863883138715,anthony Total Count,0
anthony Total Count_quartile_1,6.522324714352067,anthony Total Count,1
anthony Total Count_quartile_3,6.38208110802941,anthony Total Count,3
anthony Total Count_quartile_4,5.412785419065679,anthony Total Count,4
anthony Positive Count_quartile_0,2.387062813784795,anthony Positive Count,0
anthony Positive Count_quartile_2,6.427380003580004,anthony Positive Count,2
anthony Positive Count_quartile_3,5.737946739587684,anthony Positive Count,3
anthony Positive Count_quartile_4,6.619581649305549,anthony Positive Count,4
anthony Negative Count_quartile_0,2.3688863883138715,anthony Negative Count,0
anthony Negative Count_quartile_1,6.402624738657899,anthony Negative Count,1
anthony Negative Count_quartile_3,6.532294692044933,anthony Negative Count,3
anthony Negative Count_quartile_4,5.61548725778643,anthony Negative Count,4
lee Total Count_quartile_0,2.4677734277136705,lee Total Count,0
lee Total Count_quartile_1,6.209813293033145,lee Total Count,1
lee Total Count_quartile_2,6.426523489096068,lee Total Count,2
lee Total Count_quartile_3,6.649852818180826,lee Total Count,3
lee Total Count_quartile_4,3.981434911278761,lee Total Count,4
lee Positive Count_quartile_0,2.474362521102245,lee Positive Count,0
lee Positive Count_quartile_1,6.057615351422331,lee Positive Count,1
lee Positive Count_quartile_2,6.8670241003910775,lee Positive Count,2
lee Positive Count_quartile_3,4.924736604695023,lee Positive Count,3
lee Positive Count_quartile_4,6.798903719639302,lee Positive Count,4
lee Negative Count_quartile_0,2.4882545447668885,lee Negative Count,0
lee Negative Count_quartile_1,6.572905737564981,lee Negative Count,1
lee Negative Count_quartile_2,5.886772561933516,lee Negative Count,2
lee Negative Count_quartile_3,3.907647420911981,lee Negative Count,3
jeffrey Total Count_quartile_0,2.3017465340310386,jeffrey Total Count,0
jeffrey Total Count_quartile_1,6.567678692954328,jeffrey Total Count,1
jeffrey Total Count_quartile_2,5.68778360215034,jeffrey Total Count,2
jeffrey Total Count_quartile_3,6.72629445098548,jeffrey Total Count,3
jeffrey Total Count_quartile_4,6.731015654250664,jeffrey Total Count,4
jeffrey Positive Count_quartile_0,2.355758072796456,jeffrey Positive Count,0
jeffrey Positive Count_quartile_1,6.454650343031016,jeffrey Positive Count,1
jeffrey Positive Count_quartile_2,7.122934657695649,jeffrey Positive Count,2
jeffrey Positive Count_quartile_3,6.101126779048596,jeffrey Positive Count,3
jeffrey Positive Count_quartile_4,6.6824721228190755,jeffrey Positive Count,4
jeffrey Negative Count_quartile_0,2.349476960517108,jeffrey Negative Count,0
jeffrey Negative Count_quartile_1,4.9062374978443755,jeffrey Negative Count,1
jeffrey Negative Count_quartile_4,6.782732760786709,jeffrey Negative Count,4
jeff Total Count_quartile_0,2.46455754481342,jeff Total Count,0
jeff Total Count_quartile_1,5.878164761941668,jeff Total Count,1
jeff Total Count_quartile_2,6.517569420163564,jeff Total Count,2
jeff Total Count_quartile_3,5.458275930484596,jeff Total Count,3
jeff Total Count_quartile_4,6.749242654767129,jeff Total Count,4
jeff Positive Count_quartile_0,2.3824338256740805,jeff Positive Count,0
jeff Positive Count_quartile_1,6.902143293611812,jeff Positive Count,1
jeff Positive Count_quartile_2,6.251044779155363,jeff Positive Count,2
jeff Positive Count_quartile_3,6.119554961149154,jeff Positive Count,3
jeff Positive Count_quartile_4,6.209574393265691,jeff Positive Count,4
jeff Negative Count_quartile_0,2.444435793152642,jeff Negative Count,0
jeff Negative Count_quartile_1,5.640337252407905,jeff Negative Count,1
jeff Negative Count_quartile_2,5.813195472095061,jeff Negative Count,2
jeff Negative Count_quartile_3,6.248722146307506,jeff Negative Count,3
jeff Negative Count_quartile_4,6.549313849232949,jeff Negative Count,4
doug Total Count_quartile_0,2.8315320771955452,doug Total Count,0
doug Total Count_quartile_1,6.259183775936053,doug Total Count,1
doug Total Count_quartile_2,6.296064252808576,doug Total Count,2
doug Total Count_quartile_3,3.653430262303121,doug Total Count,3
doug Total Count_quartile_4,6.033123314471998,doug Total Count,4
doug Positive Count_quartile_0,2.816885581897932,doug Positive Count,0
doug Positive Count_quartile_1,3.3493050213529747,doug Positive Count,1
doug Positive Count_quartile_2,6.203934113332507,doug Positive Count,2
doug Positive Count_quartile_3,6.408012572386331,doug Positive Count,3
doug Positive Count_quartile_4,6.901083024525949,doug Positive Count,4
doug Negative Count_quartile_0,2.780485212586926,doug Negative Count,0
doug Negative Count_quartile_1,5.948630760647767,doug Negative Count,1
doug Negative Count_quartile_2,3.700502832581381,doug Negative Count,2
doug Negative Count_quartile_3,6.668821900276502,doug Negative Count,3
doug Negative Count_quartile_4,6.033123314471998,doug Negative Count,4
terry Total Count_quartile_0,2.475482240479685,terry Total Count,0
terry Total Count_quartile_1,4.9344695191513965,terry Total Count,1
terry Total Count_quartile_3,6.188473978931439,terry Total Count,3
terry Total Count_quartile_4,6.812604231696818,terry Total Count,4
terry Positive Count_quartile_0,2.447814671692875,terry Positive Count,0
terry Positive Count_quartile_1,5.604379332634259,terry Positive Count,1
terry Positive Count_quartile_4,6.740212962531161,terry Positive Count,4
terry Negative Count_quartile_0,2.3609787848279846,terry Negative Count,0
terry Negative Count_quartile_1,6.179263462014119,terry Negative Count,1
terry Negative Count_quartile_2,6.496952082544626,terry Negative Count,2
terry Negative Count_quartile_4,6.831721646715776,terry Negative Count,4
tom Total Count_quartile_0,2.7644603508601806,tom Total Count,0
tom Total Count_quartile_1,3.664220204441178,tom Total Count,1
tom Total Count_quartile_2,6.404689476037678,tom Total Count,2
tom Total Count_quartile_3,6.994509193873664,tom Total Count,3
tom Total Count_quartile_4,5.235087437984732,tom Total Count,4
tom Positive Count_quartile_0,2.44674714380011,tom Positive Count,0
tom Positive Count_quartile_1,6.022738993479732,tom Positive Count,1
tom Positive Count_quartile_2,6.2205533407244875,tom Positive Count,2
tom Positive Count_quartile_3,6.209646542254184,tom Positive Count,3
tom Positive Count_quartile_4,6.268468375043705,tom Positive Count,4
tom Negative Count_quartile_0,2.7533274814146265,tom Negative Count,0
tom Negative Count_quartile_1,4.370204640139274,tom Negative Count,1
tom Negative Count_quartile_2,7.481267714101205,tom Negative Count,2
tom Negative Count_quartile_3,6.819345499991921,tom Negative Count,3
tom Negative Count_quartile_4,5.038007715441007,tom Negative Count,4
craig Total Count_quartile_0,2.5180214144675768,craig Total Count,0
craig Total Count_quartile_1,5.9101042976647795,craig Total Count,1
craig Total Count_quartile_2,4.657163011448987,craig Total Count,2
craig Positive Count_quartile_0,2.4874813409749135,craig Positive Count,0
craig Positive Count_quartile_1,6.09364819224768,craig Positive Count,1
craig Negative Count_quartile_0,2.5347270114613663,craig Negative Count,0
craig Negative Count_quartile_1,4.628468443046962,craig Negative Count,1
josh Total Count_quartile_0,2.40790949166376,josh Total Count,0
josh Total Count_quartile_1,5.745771702895457,josh Total Count,1
josh Total Count_quartile_2,5.916617607140387,josh Total Count,2
josh Total Count_quartile_3,6.439150310016084,josh Total Count,3
josh Total Count_quartile_4,6.598191209446607,josh Total Count,4
josh Positive Count_quartile_0,2.369193258688258,josh Positive Count,0
josh Positive Count_quartile_1,6.6390539621782345,josh Positive Count,1
josh Positive Count_quartile_2,6.373190942192718,josh Positive Count,2
josh Negative Count_quartile_0,2.432388368223948,josh Negative Count,0
josh Negative Count_quartile_1,5.44419885070695,josh Negative Count,1
josh Negative Count_quartile_3,6.825420450547974,josh Negative Count,3
josh Negative Count_quartile_4,6.62423039512337,josh Negative Count,4
gary Total Count_quartile_0,2.2958243265247984,gary Total Count,0
gary Total Count_quartile_2,6.907522726631664,gary Total Count,2
gary Total Count_quartile_3,6.818752798068682,gary Total Count,3
gary Total Count_quartile_4,6.631793404598131,gary Total Count,4
gary Positive Count_quartile_0,2.2958243265247984,gary Positive Count,0
gary Positive Count_quartile_1,6.542229263010008,gary Positive Count,1
gary Positive Count_quartile_2,6.771228129060779,gary Positive Count,2
gary Positive Count_quartile_3,6.745482178454241,gary Positive Count,3
gary Negative Count_quartile_0,2.290440080234988,gary Negative Count,0
gary Negative Count_quartile_1,6.818192890526989,gary Negative Count,1
gary Negative Count_quartile_2,6.839383197771595,gary Negative Count,2
gary Negative Count_quartile_4,6.631793404598131,gary Negative Count,4
ryan Total Count_quartile_0,2.5284012024093574,ryan Total Count,0
ryan Total Count_quartile_1,6.1908438442955305,ryan Total Count,1
ryan Total Count_quartile_2,6.50058551069138,ryan Total Count,2
ryan Total Count_quartile_3,6.703589167880417,ryan Total Count,3
ryan Total Count_quartile_4,5.661516213483698,ryan Total Count,4
ryan Positive Count_quartile_0,2.5416223560714375,ryan Positive Count,0
ryan Positive Count_quartile_1,5.832855579766492,ryan Positive Count,1
ryan Positive Count_quartile_2,5.997191145943682,ryan Positive Count,2
ryan Positive Count_quartile_3,6.32970031751943,ryan Positive Count,3
ryan Positive Count_quartile_4,6.7479041327243205,ryan Positive Count,4
ryan Negative Count_quartile_0,2.480877346906604,ryan Negative Count,0
ryan Negative Count_quartile_1,6.376663709868557,ryan Negative Count,1
ryan Negative Count_quartile_2,6.576684435559055,ryan Negative Count,2
ryan Negative Count_quartile_4,5.328966728668072,ryan Negative Count,4
daniel Total Count_quartile_0,2.498943193962188,daniel Total Count,0
daniel Total Count_quartile_1,5.937507684375197,daniel Total Count,1
daniel Total Count_quartile_2,6.017365111880041,daniel Total Count,2
daniel Total Count_quartile_3,6.303163152186984,daniel Total Count,3
daniel Positive Count_quartile_0,2.479961376225822,daniel Positive Count,0
daniel Positive Count_quartile_2,6.585075064971731,daniel Positive Count,2
daniel Positive Count_quartile_3,6.187231391281174,daniel Positive Count,3
daniel Negative Count_quartile_0,2.507942486987366,daniel Negative Count,0
daniel Negative Count_quartile_1,5.608214456226748,daniel Negative Count,1
daniel Negative Count_quartile_2,6.293502281811787,daniel Negative Count,2
dan Total Count_quartile_0,2.4237798720401256,dan Total Count,0
dan Total Count_quartile_1,6.2479605801862865,dan Total Count,1
dan Total Count_quartile_2,6.404968644668125,dan Total Count,2
dan Total Count_quartile_3,5.941775281837958,dan Total Count,3
dan Total Count_quartile_4,6.9456270462289185,dan Total Count,4
dan Positive Count_quartile_0,2.3374428669281038,dan Positive Count,0
dan Positive Count_quartile_1,6.399073930057814,dan Positive Count,1
dan Positive Count_quartile_2,5.773080189559624,dan Positive Count,2
dan Positive Count_quartile_4,6.793575479902198,dan Positive Count,4
dan Negative Count_quartile_0,2.4019309236388144,dan Negative Count,0
dan Negative Count_quartile_1,6.300584033969574,dan Negative Count,1
dan Negative Count_quartile_2,6.561703000670791,dan Negative Count,2
dan Negative Count_quartile_3,6.39976201686615,dan Negative Count,3
dan Negative Count_quartile_4,6.927558318901945,dan Negative Count,4
stephen Total Count_quartile_0,2.657977817998847,stephen Total Count,0
stephen Total Count_quartile_1,5.688857037428184,stephen Total Count,1
stephen Total Count_quartile_3,5.281204780791223,stephen Total Count,3
stephen Total Count_quartile_4,6.334209209716634,stephen Total Count,4
stephen Positive Count_quartile_0,2.654737792181799,stephen Positive Count,0
stephen Positive Count_quartile_1,4.924232167822179,stephen Positive Count,1
stephen Positive Count_quartile_2,6.401118856621157,stephen Positive Count,2
stephen Positive Count_quartile_4,6.8537898501012835,stephen Positive Count,4
stephen Negative Count_quartile_0,2.597001256732607,stephen Negative Count,0
stephen Negative Count_quartile_1,7.0488112770170215,stephen Negative Count,1
stephen Negative Count_quartile_2,5.971769255626501,stephen Negative Count,2
stephen Negative Count_quartile_3,4.679540919927287,stephen Negative Count,3
stephen Negative Count_quartile_4,6.387826924569235,stephen Negative Count,4
davis Total Count_quartile_0,2.4242056351235592,davis Total Count,0
davis Total Count_quartile_1,6.77601014910164,davis Total Count,1
davis Total Count_quartile_2,6.655700195871176,davis Total Count,2
davis Total Count_quartile_4,5.814120778954469,davis Total Count,4
davis Positive Count_quartile_0,2.452414059728376,davis Positive Count,0
davis Positive Count_quartile_1,6.767192283571724,davis Positive Count,1
davis Positive Count_quartile_2,6.716657058474176,davis Positive Count,2
davis Positive Count_quartile_3,6.781547752806533,davis Positive Count,3
davis Positive Count_quartile_4,6.3411480704921965,davis Positive Count,4
davis Negative Count_quartile_0,2.4405357379566315,davis Negative Count,0
davis Negative Count_quartile_1,6.69053879858671,davis Negative Count,1
davis Negative Count_quartile_2,5.675162363297317,davis Negative Count,2
davis Negative Count_quartile_4,6.0686210032602155,davis Negative Count,4
bob Total Count_quartile_0,2.6591705420885354,bob Total Count,0
bob Total Count_quartile_1,7.039180641673633,bob Total Count,1
bob Total Count_quartile_2,6.315827023274076,bob Total Count,2
bob Total Count_quartile_3,6.781441333265923,bob Total Count,3
bob Positive Count_quartile_0,2.6521889354869903,bob Positive Count,0
bob Positive Count_quartile_1,5.690241784955582,bob Positive Count,1
bob Positive Count_quartile_2,6.927091424729459,bob Positive Count,2
bob Negative Count_quartile_0,2.509722140473138,bob Negative Count,0
bob Negative Count_quartile_2,6.8182746373197185,bob Negative Count,2
bob Negative Count_quartile_3,6.801500848176744,bob Negative Count,3
thomas Total Count_quartile_0,2.77728891881789,thomas Total Count,0
thomas Total Count_quartile_1,4.633223471871156,thomas Total Count,1
thomas Total Count_quartile_2,4.760664060771352,thomas Total Count,2
thomas Total Count_quartile_4,6.405868992998657,thomas Total Count,4
thomas Positive Count_quartile_0,2.4649024964967245,thomas Positive Count,0
thomas Positive Count_quartile_1,5.28614707196011,thomas Positive Count,1
thomas Positive Count_quartile_2,6.953817180343917,thomas Positive Count,2
thomas Positive Count_quartile_4,6.384673043407617,thomas Positive Count,4
thomas Negative Count_quartile_0,2.759541152670115,thomas Negative Count,0
thomas Negative Count_quartile_1,5.06263105183824,thomas Negative Count,1
thomas Negative Count_quartile_2,6.689936541693126,thomas Negative Count,2
thomas Negative Count_quartile_3,5.390805169468135,thomas Negative Count,3
thomas Negative Count_quartile_4,6.2220832173322895,thomas Negative Count,4
ed Total Count_quartile_0,2.341784606000416,ed Total Count,0
ed Total Count_quartile_1,6.697471684985734,ed Total Count,1
ed Total Count_quartile_2,6.885813967618619,ed Total Count,2
ed Total Count_quartile_4,5.654888635564182,ed Total Count,4
ed Positive Count_quartile_0,2.3784428080209894,ed Positive Count,0
ed Positive Count_quartile_1,6.885813967618619,ed Positive Count,1
ed Positive Count_quartile_2,6.728886115329819,ed Positive Count,2
ed Positive Count_quartile_4,5.5857278917931605,ed Positive Count,4
ed Negative Count_quartile_0,2.341784606000416,ed Negative Count,0
ed Negative Count_quartile_1,6.65993262677196,ed Negative Count,1
ed Negative Count_quartile_4,5.654888635564182,ed Negative Count,4
scott Total Count_quartile_0,2.5256584280649177,scott Total Count,0
scott Total Count_quartile_1,5.242071871209998,scott Total Count,1
scott Total Count_quartile_2,8.049136658619597,scott Total Count,2
scott Total Count_quartile_3,6.979925740498651,scott Total Count,3
scott Total Count_quartile_4,6.614844851661708,scott Total Count,4
scott Positive Count_quartile_0,2.3901247597540833,scott Positive Count,0
scott Positive Count_quartile_1,5.356836863741195,scott Positive Count,1
scott Positive Count_quartile_2,6.6311668886882975,scott Positive Count,2
scott Positive Count_quartile_4,6.735420486717245,scott Positive Count,4
scott Negative Count_quartile_0,2.4078195764233317,scott Negative Count,0
scott Negative Count_quartile_1,6.185713999054106,scott Negative Count,1
scott Negative Count_quartile_2,6.7931894295614645,scott Negative Count,2
scott Negative Count_quartile_3,6.513668713966729,scott Negative Count,3
scott Negative Count_quartile_4,6.614844851661708,scott Negative Count,4
adam Total Count_quartile_0,2.296872425482955,adam Total Count,0
adam Total Count_quartile_1,6.52728992878503,adam Total Count,1
adam Total Count_quartile_2,6.723703166339747,adam Total Count,2
adam Total Count_quartile_3,7.4093139368494345,adam Total Count,3
adam Positive Count_quartile_0,2.275184560839195,adam Positive Count,0
adam Positive Count_quartile_1,6.861188694802811,adam Positive Count,1
adam Positive Count_quartile_2,6.677530738625422,adam Positive Count,2
adam Positive Count_quartile_3,7.066717175535237,adam Positive Count,3
adam Positive Count_quartile_4,6.74253351375514,adam Positive Count,4
adam Negative Count_quartile_0,2.3586877836035294,adam Negative Count,0
adam Negative Count_quartile_1,6.985575208518377,adam Negative Count,1
brent Total Count_quartile_0,2.4451431443236396,brent Total Count,0
brent Total Count_quartile_1,4.721319357295908,brent Total Count,1
brent Total Count_quartile_3,6.563061828204,brent Total Count,3
brent Total Count_quartile_4,5.6126940181933485,brent Total Count,4
brent Positive Count_quartile_0,2.43191072572152,brent Positive Count,0
brent Positive Count_quartile_1,6.264248539351432,brent Positive Count,1
brent Positive Count_quartile_2,6.0920996673398475,brent Positive Count,2
brent Positive Count_quartile_3,6.449402478711152,brent Positive Count,3
brent Negative Count_quartile_0,2.3562171007917367,brent Negative Count,0
brent Negative Count_quartile_3,6.516059209091094,brent Negative Count,3
brent Negative Count_quartile_4,5.613521611106784,brent Negative Count,4
jim Total Count_quartile_0,2.372874366593911,jim Total Count,0
jim Total Count_quartile_1,5.7744712986927675,jim Total Count,1
jim Total Count_quartile_2,5.728615413571924,jim Total Count,2
jim Total Count_quartile_4,6.383620667432538,jim Total Count,4
jim Positive Count_quartile_0,2.3661724006201985,jim Positive Count,0
jim Positive Count_quartile_1,6.003663122048828,jim Positive Count,1
jim Positive Count_quartile_2,5.512616418522146,jim Positive Count,2
jim Positive Count_quartile_3,6.91577424155479,jim Positive Count,3
jim Positive Count_quartile_4,6.481770503495582,jim Positive Count,4
jim Negative Count_quartile_0,2.4228993485929835,jim Negative Count,0
jim Negative Count_quartile_1,5.539520504894436,jim Negative Count,1
jim Negative Count_quartile_2,6.806645556665147,jim Negative Count,2
jim Negative Count_quartile_3,6.246208798739667,jim Negative Count,3
jim Negative Count_quartile_4,6.644511680593644,jim Negative Count,4
