,bryan Total Count,bryan Positive Count,bryan Negative Count,anthony Total Count,anthony Positive Count,anthony Negative Count,lee Total Count,lee Positive Count,lee Negative Count,jeffrey Total Count,jeffrey Positive Count,jeffrey Negative Count,jeff Total Count,jeff Positive Count,jeff Negative Count,doug Total Count,doug Positive Count,doug Negative Count,terry Total Count,terry Positive Count,terry Negative Count,tom Total Count,tom Positive Count,tom Negative Count,craig Total Count,craig Positive Count,craig Negative Count,josh Total Count,josh Positive Count,josh Negative Count,gary Total Count,gary Positive Count,gary Negative Count,ryan Total Count,ryan Positive Count,ryan Negative Count,daniel Total Count,daniel Positive Count,daniel Negative Count,dan Total Count,dan Positive Count,dan Negative Count,stephen Total Count,stephen Positive Count,stephen Negative Count,davis Total Count,davis Positive Count,davis Negative Count,bob Total Count,bob Positive Count,bob Negative Count,thomas Total Count,thomas Positive Count,thomas Negative Count,ed Total Count,ed Positive Count,ed Negative Count,scott Total Count,scott Positive Count,scott Negative Count,adam Total Count,adam Positive Count,adam Negative Count,brent Total Count,brent Positive Count,brent Negative Count,jim Total Count,jim Positive Count,jim Negative Count
Q0_min,0.0,0.0,0.0,0.0,0.0,0.0,0.0,0.0,0.0,0.0,0.0,0.0,0.0,0.0,0.0,0.0,0.0,0.0,0.0,0.0,0.0,0.0,0.0,0.0,0.0,0.0,0.0,0.0,0.0,0.0,0.0,0.0,0.0,0.0,0.0,0.0,0.0,0.0,0.0,0.0,0.0,0.0,0.0,0.0,0.0,0.0,0.0,0.0,0.0,0.0,0.0,0.0,0.0,0.0,0.0,0.0,0.0,0.0,0.0,0.0,0.0,0.0,0.0,0.0,0.0,0.0,0.0,0.0,0.0
Q1_min,4.0,1.0,2.0,3.0,1.0,2.0,3.0,1.0,2.0,3.0,1.0,2.0,2.0,1.0,1.0,1.0,1.0,1.0,2.0,1.0,1.0,2.0,1.0,1.0,4.0,1.5,2.0,1.0,1.0,1.0,4.0,2.0,3.0,3.0,1.0,2.0,3.0,1.0,2.0,1.0,1.0,1.0,2.0,1.0,2.0,3.0,1.0,2.0,2.0,1.0,1.0,3.0,1.0,2.0,1.0,1.0,1.0,4.0,2.0,2.0,2.0,1.0,2.0,3.0,1.0,2.0,2.0,2.0,2.0
Q2_min,5.0,2.0,4.0,4.0,2.0,3.0,4.0,2.0,3.0,4.0,2.0,3.0,5.0,3.0,3.0,2.0,2.0,2.0,3.0,2.0,2.0,5.0,3.0,3.0,6.0,3.0,4.0,3.0,2.0,2.0,8.0,4.0,6.0,5.0,3.0,3.0,4.0,2.0,3.0,3.0,3.0,2.0,4.0,2.0,3.0,5.0,3.0,3.0,5.0,3.0,3.0,4.0,2.0,3.0,3.0,2.0,2.0,6.0,3.0,4.0,4.0,2.0,3.0,4.0,2.0,3.0,5.0,3.0,4.0
Q3_min,8.0,4.0,6.0,7.0,4.0,5.0,6.0,4.0,4.0,7.0,3.0,5.0,9.0,5.0,5.0,7.0,4.0,4.0,5.0,4.0,3.0,10.0,6.0,6.0,10.0,5.0,7.0,7.0,4.0,4.0,17.0,7.0,11.0,7.0,4.0,4.0,6.0,3.0,4.0,9.0,5.0,6.0,6.0,3.0,4.0,7.0,5.0,5.0,16.0,7.0,11.0,7.0,4.0,5.0,7.0,4.0,5.0,10.0,5.0,7.0,7.0,4.0,5.0,6.0,3.0,4.0,12.0,6.0,8.0
Q4_max,47.0,20.0,39.0,70.0,30.0,40.0,43.0,20.0,33.0,51.0,38.0,30.0,49.0,24.0,36.0,54.0,33.0,33.0,57.0,22.0,47.0,70.0,26.0,49.0,50.0,25.0,31.0,39.0,23.0,30.0,123.0,38.0,93.0,36.0,16.0,27.0,47.0,31.0,36.0,44.0,20.0,38.0,39.0,16.0,28.0,47.0,25.0,34.0,102.0,31.0,74.0,66.0,27.0,45.0,39.0,15.0,35.0,57.0,31.0,44.0,45.0,17.0,37.0,42.0,21.0,26.0,75.0,28.0,62.0
